{
  "config": [
    [
      0.8782426676911352
    ],
    [
      0.8741129719968262
    ],
    [
      0.8723106858733154
    ],
    [
      0.8491973307687931
    ],
    [
      0.8779820268341574
    ]
  ],
  "config_bert": [
    [
      0.8782426676911352
    ],
    [
      0.8741129719968262
    ],
    [
      0.8723106858733154
    ],
    [
      0.8491973307687931
    ],
    [
      0.8779820268341574
    ]
  ]
}