{
  "course": {
    "precision": 0.9652173913043478,
    "recall": 1.0,
    "f1-score": 0.9823008849557522,
    "support": 111,
    "confused_with": {}
  },
  "micro avg": {
    "precision": 0.9652173913043478,
    "recall": 1.0,
    "f1-score": 0.9823008849557522,
    "support": 111
  },
  "macro avg": {
    "precision": 0.9652173913043478,
    "recall": 1.0,
    "f1-score": 0.9823008849557522,
    "support": 111
  },
  "weighted avg": {
    "precision": 0.9652173913043478,
    "recall": 1.0,
    "f1-score": 0.9823008849557522,
    "support": 111
  },
  "accuracy": 0.998015873015873
}